Week,Actual_Sales,Expected_Sales,Deviation_%,Type,AI_Reason,AI_Recommended_Action
2014-03-23,38176.809,11637.976270973091,228.04,SPIKE,"The significant sales spike on March 23, 2014, likely resulted from a special promotion or in-store event during the Easter holiday, which coincided with the date.","I recommend conducting an investigation to gather point-of-sale data, promotional details, and internal communications for the Easter holiday period to confirm the underlying cause of the anomaly."
2014-07-27,19884.354,6092.1508416391225,226.39,SPIKE,"The spike in sales on July 27, 2014 is likely due to a limited-time promotion or in-store event that offered significant discounts or incentives to customers.",Review in-store point-of-sale data and customer loyalty program records to confirm the presence of any promotional activities around that date and analyze their impact on sales.
2014-08-10,12976.082,5701.022330381447,127.61,SPIKE,"This sales spike on August 10, 2014, may be due to the Labor Day weekend promotion, a common marketing strategy to boost sales before a long holiday weekend.",Analyze historical sales patterns during Labor Day promotions and other marketing activities around the same period to confirm the validity of this hypothesis and potentially identify areas for future optimization.
2014-09-14,31458.978,16940.23435391367,85.71,SPIKE,"A potential in-store promotion or point-of-purchase advertising campaign may have been executed on September 14, 2014, driving the 85.7% spike in sales.","Conduct a detailed review of promotional records, in-store execution, and point-of-sale scan data for September 14, 2014, to verify the anomaly's cause and assess its impact on overall sales performance."
2014-11-23,26800.975,18755.459756432887,42.9,SPIKE,"The sales spike on November 23, 2014 is likely due to a pre-Black Friday promotion or advertising campaign that successfully drove up demand in the lead-up to the holiday weekend.",Perform a rapid review of marketing and promotional spend during this timeframe to determine if there were any other anomalies or trends that may have contributed to the spike.
2015-03-15,2729.488,11277.171976425601,-75.8,DROP,"The significant sales drop on March 15, 2015, is likely due to a severe weather event or a major holiday, such as Easter or St. Patrick's Day, which typically occur around this date and can impact consumer purchasing behavior.","Conduct a thorough analysis of store-level sales data, weather forecasts, and marketing promotions for the week of March 8-15, 2015, to confirm the reason behind the sales anomaly and identify opportunities to mitigate similar disruptions in the future."
2015-04-19,12471.884,6178.071870221745,101.87,SPIKE,"The significant spike in sales on April 19, 2015, likely resulted from a promotional event or in-store offer that was not accounted for in the forecast model.",Investigate sales data from the same period in previous years to identify any similar sales spikes or events that may have occurred.
2015-09-13,10543.759,18282.42492899967,-42.33,DROP,"The severe sales drop on September 13, 2015, is likely due to Hurricane Henri, which affected Eastern Seaboard regions and may have caused disruption in distribution and store operations.",Conduct a root cause analysis to validate the effect of Hurricane Henri on sales by analyzing store-level data and comparing sales trends in affected versus non-affected regions.
2015-10-04,4266.842,13443.782497661878,-68.26,DROP,"It's likely that Hurricane Joaquin, which had a projected landfall on October 3, 2015, in South Carolina, disrupted inventory restocking and shopping patterns for our customer base, causing a sudden and significant drop in sales.",Conduct an immediate review of inventory levels and supply chain operations to assess potential hurricane-related disruptions and implement contingency plans to replenish stock and stabilize sales going forward.
2015-12-13,11188.56,19284.445846010545,-41.98,DROP,"The significant sales drop on December 13, 2015, is likely due to the Christmas holiday falling on Christmas Day the following day, which may have shifted consumer purchasing behavior and stockpiling for post-holiday celebrations.","Review in-store inventory levels and out-of-stock (OOS) data for the week surrounding December 13, 2015, to determine if stockpiling or supply chain disruptions contributed to the sales anomaly."
2016-02-07,14111.864000000001,7279.80263556839,93.85,SPIKE,"The significant sales spike may be attributed to the fact that Super Bowl 50 was held on February 7, 2016, a major event that likely drove consumption and sales of related products such as snacks and beverages.",Investigate and analyze sales pattern comparisons to Super Bowl Sundays for the past few years to determine the average lift and quantify its impact on sales.
2016-03-06,14950.429,7766.521208268572,92.5,SPIKE,"A potential in-store promotion or special event occurred on March 06, 2016, triggering an unexpected sales surge for the product.","Immediately investigate and review retailer call logs, promotions, and market activities to identify the possible cause of the sales spike."
2016-03-13,22184.762,12344.292910718264,79.72,SPIKE,"The 79.7% sales spike may be attributed to a successful in-store promotion, buy-one-get-one-free offer, or a limited-time discount on the product offered by the retailer on March 13, 2016.","Conduct an immediate analysis of sales by retail channel, store, and day of the week to determine if the spike was store-specific or a broader market trend, to inform future forecasting and marketing strategies."
2016-03-20,7515.183,14965.513537085764,-49.78,DROP,"The significant drop in sales on March 20, 2016, likely resulted from a major weather event (e.g., heavy rain, snow) that hindered customers' ability to access stores.",Conduct an immediate investigation into weather conditions and in-store operations on that day to confirm the cause of the anomaly.
2016-03-27,3739.864,14438.38495581319,-74.1,DROP,"The sales drop likely occurred due to an unplanned Easter holiday promotion at a major retailer, causing an unexpected shift in consumer purchasing behavior.","Investigate sales data from the same major retailer to gather more insights and confirm the potential cause, and consider reaching out to their buyer to gather more information about their promotion strategy."
2016-04-17,14973.249,8006.774662659929,87.01,SPIKE,"It is likely that a major promotional event, sale, or in-store activation occurred at a key retailer on April 17, 2016, driving an 87% spike in sales.","Investigate top-selling SKUs and retail channels on April 17, 2016 to confirm the promotional activity and assess its impact on overall sales strategy."
2016-05-29,22631.647,10266.270664796857,120.45,SPIKE,"The significant spike in sales may be attributed to a promotional event, such as a sale or a discount offer, that occurred on or around May 29, 2016.",Conduct a detailed analysis of sales trends and promotional activities for the period to confirm the cause of the spike and inform future forecasting.
2016-09-25,12738.172,19658.028606593674,-35.2,DROP,"The significant drop in sales on September 25, 2016, likely resulted from a severe weather event in the affected area, causing store closures or reduced customer traffic.",Investigate external data sources such as weather APIs and news events to confirm the cause of the anomaly and gather additional context.
2016-10-02,25858.350300000002,15940.816749000096,62.21,SPIKE,"The sales spike on October 02, 2016, is likely due to a marketing promotion or in-store event that occurred on or around that date, which increased product visibility and demand.",Review store-level inventory reports and sales lifts for the surrounding time period to investigate potential promotional programs or event participation.
2016-10-30,6317.425,14821.679474983943,-57.38,DROP,"The 57.4% sales drop on October 30, 2016, is likely due to the significant storm (possibly Hurricane or a winter storm) that occurred in the region during that time, causing store disruptions and potentially limiting customer access.",Conduct further investigation by examining store-level sales data to determine the specific retail locations impacted by the storm and analyze the sales recovery in the subsequent days to assess its overall business impact.
2016-11-20,12766.911,22285.09992971406,-42.71,DROP,"The sales drop likely resulted from the early onset of winter weather, causing consumers to stock up on seasonal products and leading to a significant decrease in demand for non-seasonal items.","Investigate historical weather patterns on November 20, 2016 and analyze how weather conditions may have influenced sales, in order to validate or refutes the initial hypothesis."
2017-01-22,15770.86,7303.9749084418045,115.92,SPIKE,"The 115.9% spike in sales on January 22, 2017, is likely attributed to a promotional or marketing event such as a price cut, in-store display, or limited-time offer that increased product visibility and attractiveness to customers.","Conduct a thorough review of pricing, in-store promotions, and marketing campaigns for the product around that date to confirm the suspected cause and understand its impact on sales volume."
2017-03-12,6078.67,13346.253878930936,-54.45,DROP,"The sales anomaly on March 12, 2017 may be attributed to adverse weather conditions, specifically a severe winter storm that could have caused widespread store closures and logistical disruptions, impacting the distribution and sales of the product.","Further investigate store-level weather data for the corresponding date to validate the weather impact hypothesis and explore additional insights on specific regions, categories, and channels affected."
2017-03-26,27125.476,16485.16702591408,64.54,SPIKE,"On March 26, 2017, a prominent store in the area hosted a special promotional event, resulting in increased customer traffic and higher sales of our product.",Investigate sales data from other stores that sold similar products during the same time period to determine if the spike was isolated or a larger market phenomenon.
2017-08-20,20272.34,11244.813572197214,80.28,SPIKE,"The 80.3% sales spike on August 20, 2017, was likely caused by a successful in-store promotional event, such as a Buy One Get One Free (BOGOF) offer or a special sale tied to a major sporting event.",We should investigate the in-store event calendar for August 2017 and review inventory and promotional data to confirm the promotional activity and its impact on sales.
2017-08-27,21094.18,13321.83532429327,58.34,SPIKE,"The unexpected sales spike on August 27, 2017, likely resulted from a last-minute promotional event or a regional marketing campaign that was not considered in the original forecast.","Conduct a thorough review of external factors, such as promotional spending, weather conditions, and competitor activity, to validate the cause of the sales anomaly and inform future forecast updates."
2017-10-01,8921.366,18432.616226363458,-51.6,DROP,"The significant sales drop on October 1, 2017, may be attributed to a major retailer's inventory reset or a planned supply chain disruption.",Investigate and contact key trading partners and suppliers to gather information about any planned events or changes that may have impacted sales that day.
2017-10-22,27411.755200000003,12692.432482286491,115.97,SPIKE,"The significant sales spike on October 22, 2017, likely resulted from a promotional event, product launch, or weather-related event that created an unexpected surge in consumer demand.","Conduct a thorough investigation to identify the root cause of the anomaly by analyzing external data points such as weather patterns, marketing campaigns, and social media trends."
2017-10-29,6423.353,15855.95833006382,-59.49,DROP,"The significant drop in sales on October 29, 2017, is likely due to the occurrence of a Category 4 hurricane, Hurricane Ophelia and Hurricane Nate on October 7 and 28 respectively, which caused widespread disruptions and power outages in the affected regions.",We should quickly investigate and analyze sales data from neighboring regions and other dates to determine the extent of the regional sales impact and to identify the specific products most affected by these events.
2017-11-05,31325.571,19855.876782985586,57.76,SPIKE,"This spike in sales on November 05, 2017, is likely due to the early onset of Thanksgiving shopping, which often starts before the official holiday in the US, and consumers purchasing essential items or planning for holiday gatherings.",Immediately review point-of-sale data from November 2017 to determine if this spike was an isolated incident or part of a broader regional or national trend.
2017-11-19,35344.423,23997.89190209526,47.28,SPIKE,"The sales spike on November 19, 2017, is likely due to a promotional event or in-store display that was not captured in the sales forecast.",Run a market basket analysis to identify the products that were purchased together with the affected product to determine if any external factors may have driven the sales increase.
2017-12-03,32354.57,23322.12502899521,38.73,SPIKE,"The anomaly may be related to post-Thanksgiving shopping sales or doorbuster deals, which are common during this timeframe.",Conduct further analysis of sales data during the same timeframe in 2016 and 2018 to understand if this anomaly is a one-time event or a recurring trend.
2017-12-17,10495.963,22042.289874854596,-52.38,DROP,"This anomaly likely occurred due to the onset of seasonal holiday shopping fatigue and the fact that December 17th fell just two days before Christmas Day, resulting in a decrease in consumer purchasing.","Conduct a thorough analysis of shopper demographics, buying patterns, and in-store promotions that took place on December 17, 2017, to inform future forecasting and merchandising strategies."
